name,topic,password,test_path
Francois Roublon,Francais,zsexdr1,francais/devoir_francais1.controle
Eric Delafre,Maths,xdrcft3,maths/devoir_maths1.controle
Elodie Etourneau,Francais,cfttfc3,francais/devoir_francais2.controle
Mathile Farre,Maths,vgyygv4,maths/devoir_maths2.controle
Max Bourdi,Histoire-Geographie,eszxdr6,histoire/devoir_histoire1.controle
Amhed Barakat,Sport,okmbhu3,
Jean Soummier,Histoire-Geographie,njiuhg7,histoire/devoir_histoire2.controle
Valerie Meulen,Sport,njiokl0,
Juliette Soisson,Arts-plastiques,xdresv7,
Lise Hautard,Musique,bhuijn5,musique/devoir_musique1.controle
Yvan Champeraux,Arts-plastiques,cvbnhu2,
Nicolas Perron,Musique,njiuhbt,musique/devoir_musique2.controle
Franny Kilab,LV1,fghjkl8,
Veronique Grangeon,LV2,cgydht6,lv2/devoir_lv21.controle
Denis Martin,LV1,werfgt3,
Mathieu Smith,LV2,qwertgh2,lv2/devoir_lv22.controle
Justine Juste,SVT,qwdfgh7,svt/devoir_svt1.controle
Corinne Stermann,SVT,bnhjui9,svt/devoir_svt2.controle
